<xml xmlns="https://developers.google.com/blockly/xml">
  <block type="s4d_login" id=")O7+PL3eS1Br}h;?X9N$" x="288" y="163">
    <value name="TOKEN">
      <block type="text" id="a7JxIIyK[Yr~TPL^-{W:">
        <field name="TEXT">ODM3MjI1MjM5MjAwMDA2MTU0.YIpcww.XTZ8xuY9gFodj82b1c51CLfPSOc</field>
      </block>
    </value>
  </block>
  <block type="s4d_on_message" id="Qx+aIDM=_,mj^tl$vGmW" x="341" y="269">
    <statement name="STATEMENTS">
      <block type="controls_if" id="Cr$f.P2*Nq2Dl}?D!r`(">
        <value name="IF0">
          <block type="logic_compare" id="oq-Tf{oSnv,],{N*FSF|">
            <field name="OP">EQ</field>
            <value name="A">
              <block type="s4d_message_content" id="pyFMNvR6J#o6Ky/UA~]f"></block>
            </value>
            <value name="B">
              <block type="text" id=";[??XKp36YJf2U}j2_}e">
                <field name="TEXT">Rules</field>
              </block>
            </value>
          </block>
        </value>
        <statement name="DO0">
          <block type="s4d_reply" id="wgo^7yFoMz,K{AaMl6L)">
            <value name="CONTENT">
              <block type="text_join" id="i4!p{~?m;sXW?MA4KxfN">
                <mutation items="9"></mutation>
                <value name="ADD0">
                  <block type="text" id="N-4C!JnJCe,s$75i%8Ce">
                    <field name="TEXT">Hello </field>
                  </block>
                </value>
                <value name="ADD1">
                  <block type="s4d_message_author" id="0h+/!$?Tt_/RO]ze8Ge="></block>
                </value>
                <value name="ADD2">
                  <block type="text" id="OZ5;gd9?*^bj?/pt:K@C">
                    <field name="TEXT">, Rules are listed below</field>
                  </block>
                </value>
                <value name="ADD3">
                  <block type="s4d_newline" id="2=HQr*cMP8}a^dVRfGw!"></block>
                </value>
                <value name="ADD4">
                  <block type="text" id="{5U0CQ,`_J]deGY]z0}x">
                    <field name="TEXT">1. DO NOT BULLY PEOPLE </field>
                  </block>
                </value>
                <value name="ADD5">
                  <block type="s4d_newline" id="H:Y:BtxgF~9@X8Ks#Lc1"></block>
                </value>
                <value name="ADD6">
                  <block type="text" id="jJ5-MooI.?:pC9Z7!Vbg">
                    <field name="TEXT">2. HACKING CAN EVEN BAN YOU </field>
                  </block>
                </value>
                <value name="ADD7">
                  <block type="s4d_newline" id="sg;hqo!#.9yzw[}w}7#b"></block>
                </value>
                <value name="ADD8">
                  <block type="text" id="tdC=OU-IzfbCg,oJZh+F">
                    <field name="TEXT"> 3. YOU MUST AGREE TO DISCORD GUIDELINES </field>
                  </block>
                </value>
              </block>
            </value>
            <next>
              <block type="s4d_send_wait_reply" id="1M#n-gH^!IS|/bl86q|9">
                <value name="CONTENT">
                  <shadow type="text" id="3cJv5!KK2r`K~s+87R:a">
                    <field name="TEXT">Write 'Agree' to accept the rules. AHQ Bot, AHQ Discord secure</field>
                  </shadow>
                </value>
                <value name="CHANNEL">
                  <block type="s4d_message_channel" id="zA|Yd$u+Z?;/TZtk#0U2"></block>
                </value>
                <value name="MEMBER">
                  <block type="s4d_message_author" id="OYL2+L4)/a=}v3.R~o+s"></block>
                </value>
                <value name="TIME">
                  <shadow type="math_number" id="yy;s@t[cI;)B(+)1:-R)">
                    <field name="NUM">1</field>
                  </shadow>
                </value>
                <statement name="THEN">
                  <block type="controls_if" id="W=*e{SyyrF3om$xTxeAw">
                    <value name="IF0">
                      <block type="logic_compare" id="?WkrZxAC.zBZoqf$zM7(">
                        <field name="OP">EQ</field>
                        <value name="A">
                          <block type="s4d_send_wait_reply_value" id="7?cd{wLs.},kP|Y{MO=W"></block>
                        </value>
                        <value name="B">
                          <block type="text" id=",([*Gu+u1oo-k,5}%+}t">
                            <field name="TEXT">Agree</field>
                          </block>
                        </value>
                      </block>
                    </value>
                    <statement name="DO0">
                      <block type="s4d_reply" id="Ut#gQAJ`Gk*PwV@a(iAO">
                        <value name="CONTENT">
                          <block type="text_join" id="ipQD70`:C^lV$ULOrzF0">
                            <mutation items="3"></mutation>
                            <value name="ADD0">
                              <block type="text" id="u#DDl+jesRD)z;0R6}fy">
                                <field name="TEXT">You are verified</field>
                              </block>
                            </value>
                            <value name="ADD1">
                              <block type="s4d_message_author" id="jmJLD4Xs|r7y#2YWiu-M"></block>
                            </value>
                            <value name="ADD2">
                              <block type="text" id="NT^7~NqSc0Jm}2)SJOm/">
                                <field name="TEXT">! All the best</field>
                              </block>
                            </value>
                          </block>
                        </value>
                        <next>
                          <block type="s4d_add_role" id="~NUOTC6Pm,V:%c4XuF*|">
                            <value name="ROLE">
                              <block type="text" id="F#QE/1)L`yNVe+*|:fl^">
                                <field name="TEXT">@rulesaccepted</field>
                              </block>
                            </value>
                            <value name="MEMBER">
                              <block type="s4d_message_author" id="Q:q_XdwNrzxUQq`p~d)6"></block>
                            </value>
                          </block>
                        </next>
                      </block>
                    </statement>
                    <next>
                      <block type="controls_if" id="v4U35y/UCWZ8]po2)]/k">
                        <value name="IF0">
                          <block type="logic_compare" id="6n-u}++#?9U}yyhxd*W5">
                            <field name="OP">EQ</field>
                            <value name="A">
                              <block type="s4d_send_wait_reply_value" id="zMV]XnMITEI)OGMGVXHh"></block>
                            </value>
                            <value name="B">
                              <block type="text" id="7#`2Yj{8hGg0LCEqs$KE">
                                <field name="TEXT">agree</field>
                              </block>
                            </value>
                          </block>
                        </value>
                        <statement name="DO0">
                          <block type="s4d_reply" id=";7r^6d^oG[I4)uE$;[uq">
                            <value name="CONTENT">
                              <block type="text_join" id="{*Ic%cXqkC2x}Kc)HgAL">
                                <mutation items="3"></mutation>
                                <value name="ADD0">
                                  <block type="text" id="KJ[W!`KFtw]}IxL1[+D+">
                                    <field name="TEXT">You are verified</field>
                                  </block>
                                </value>
                                <value name="ADD1">
                                  <block type="s4d_message_author" id="EZPX+Id3ql1$`4tX|#xH"></block>
                                </value>
                                <value name="ADD2">
                                  <block type="text" id="5{v1(VuHrveunivmsmLs">
                                    <field name="TEXT">! All the best</field>
                                  </block>
                                </value>
                              </block>
                            </value>
                            <next>
                              <block type="s4d_add_role" id="mB-Ej%ry[Pu7E90)OdUz">
                                <value name="ROLE">
                                  <block type="text" id="SN+Tu[KFPIX9/B}/#4,!">
                                    <field name="TEXT">@rulesaccepted</field>
                                  </block>
                                </value>
                                <value name="MEMBER">
                                  <block type="s4d_message_author" id="KTHSwD]JSYgWaRo3,d={"></block>
                                </value>
                              </block>
                            </next>
                          </block>
                        </statement>
                      </block>
                    </next>
                  </block>
                </statement>
                <statement name="CATCH">
                  <block type="s4d_reply" id="CZ:4,d!$rqv1QJpn1Z^Y">
                    <value name="CONTENT">
                      <block type="text_join" id="eHy`.SJ//WS,KikG$~ZG">
                        <mutation items="3"></mutation>
                        <value name="ADD0">
                          <block type="text" id="sa/1]Q7,z3a+iY{H16_C">
                            <field name="TEXT">Session expired</field>
                          </block>
                        </value>
                        <value name="ADD1">
                          <block type="s4d_message_author" id="17m0~HI]4cK/aeG8A%nD"></block>
                        </value>
                        <value name="ADD2">
                          <block type="text" id="sS8{A!*.wf_`rOX|xK~n">
                            <field name="TEXT">! Try again</field>
                          </block>
                        </value>
                      </block>
                    </value>
                  </block>
                </statement>
              </block>
            </next>
          </block>
        </statement>
        <next>
          <block type="controls_if" id="EGX`35g[IKw0oKGQClv[">
            <value name="IF0">
              <block type="logic_compare" id="vi[%X9y/+_fxZyJozIYf">
                <field name="OP">EQ</field>
                <value name="A">
                  <block type="s4d_message_content" id="aXqMbk.zYRd(7zr2*[;n"></block>
                </value>
                <value name="B">
                  <block type="text" id="0-|*8.+[g[_e}!c%(,d!">
                    <field name="TEXT">rules</field>
                  </block>
                </value>
              </block>
            </value>
            <statement name="DO0">
              <block type="s4d_reply" id=",qGEv:H#x|,~)bp,:Xn@">
                <value name="CONTENT">
                  <block type="text_join" id="96sNL6SnmtH]--_cTWY|">
                    <mutation items="9"></mutation>
                    <value name="ADD0">
                      <block type="text" id="(yAZo:`oiv_xmb~J%R@P">
                        <field name="TEXT">Hello </field>
                      </block>
                    </value>
                    <value name="ADD1">
                      <block type="s4d_message_author" id="]vXHKjI-/S,Sf(Lhe.}|"></block>
                    </value>
                    <value name="ADD2">
                      <block type="text" id="HV^K6[])|nrB6*n{7$u%">
                        <field name="TEXT">, Rules are listed below</field>
                      </block>
                    </value>
                    <value name="ADD3">
                      <block type="s4d_newline" id="?bG?6PUp!~EL^K$TA1T."></block>
                    </value>
                    <value name="ADD4">
                      <block type="text" id="e@+[-$Yc%=*Z_}+QWPlJ">
                        <field name="TEXT">1. DO NOT BULLY PEOPLE </field>
                      </block>
                    </value>
                    <value name="ADD5">
                      <block type="s4d_newline" id="b;KeuSWG=43pa][3E=FX"></block>
                    </value>
                    <value name="ADD6">
                      <block type="text" id="}U=7#O!8Svo2X#Gyr8kp">
                        <field name="TEXT">2. HACKING CAN EVEN BAN YOU </field>
                      </block>
                    </value>
                    <value name="ADD7">
                      <block type="s4d_newline" id="D;YUu^Y^mR{{PuW4@s!B"></block>
                    </value>
                    <value name="ADD8">
                      <block type="text" id="R+;_W@[!XsP|F]bD[6wp">
                        <field name="TEXT"> 3. YOU MUST AGREE TO DISCORD GUIDELINES </field>
                      </block>
                    </value>
                  </block>
                </value>
                <next>
                  <block type="s4d_send_wait_reply" id=")Ska*TxMgv)U,(nQO*%]">
                    <value name="CONTENT">
                      <shadow type="text" id=":A.=/NFB_br@lWhvh4eU">
                        <field name="TEXT">Write 'agree' to accept the rules. AHQ Bot, AHQ Discord secure</field>
                      </shadow>
                    </value>
                    <value name="CHANNEL">
                      <block type="s4d_message_channel" id="bI0APtsiO*1n;u:;ke`B"></block>
                    </value>
                    <value name="MEMBER">
                      <block type="s4d_message_author" id="V3JXQIgf4Zw!4hGW=b%("></block>
                    </value>
                    <value name="TIME">
                      <shadow type="math_number" id="sTRdviVX[)fr`QHpGJ16">
                        <field name="NUM">1</field>
                      </shadow>
                    </value>
                    <statement name="THEN">
                      <block type="controls_if" id="+]1L44sB25iCCnx-x!Ke">
                        <value name="IF0">
                          <block type="logic_compare" id="%|$nQ{jX!|1Ff9.9[ax}">
                            <field name="OP">EQ</field>
                            <value name="A">
                              <block type="s4d_send_wait_reply_value" id="!)|Qi#i-5]hiWa6Nwj4l"></block>
                            </value>
                            <value name="B">
                              <block type="text" id="~~s(7ruh85]k9OJMaI@{">
                                <field name="TEXT">Agree</field>
                              </block>
                            </value>
                          </block>
                        </value>
                        <statement name="DO0">
                          <block type="s4d_reply" id="sF5PybjIpFVddx^CnRLD">
                            <value name="CONTENT">
                              <block type="text_join" id="pVS~QW3v$+nm{+?_2%E]">
                                <mutation items="3"></mutation>
                                <value name="ADD0">
                                  <block type="text" id="D`//eF0*3[l(xOuWWnur">
                                    <field name="TEXT">You are verified</field>
                                  </block>
                                </value>
                                <value name="ADD1">
                                  <block type="s4d_message_author" id="22`z+V^=yz.hJEa_?/1Q"></block>
                                </value>
                                <value name="ADD2">
                                  <block type="text" id="9Z:T5_})iw1`nGgo:Gi}">
                                    <field name="TEXT">! All the best</field>
                                  </block>
                                </value>
                              </block>
                            </value>
                            <next>
                              <block type="s4d_add_role" id="@4Qh3moX.d=vg!r,^=1_">
                                <value name="ROLE">
                                  <block type="text" id="Z}.l#:2L6XR6S9AY(sJN">
                                    <field name="TEXT">@rulesaccepted</field>
                                  </block>
                                </value>
                                <value name="MEMBER">
                                  <block type="s4d_message_author" id="*73{vkWW/Bh1Q!6j)qMY"></block>
                                </value>
                              </block>
                            </next>
                          </block>
                        </statement>
                        <next>
                          <block type="controls_if" id="U9nqJLl1!ug|9:Hfd{;O">
                            <value name="IF0">
                              <block type="logic_compare" id="!MZ;[hF!@5BUEudccBod">
                                <field name="OP">EQ</field>
                                <value name="A">
                                  <block type="s4d_send_wait_reply_value" id="iy263Yn[o4CGGe_B2%%|"></block>
                                </value>
                                <value name="B">
                                  <block type="text" id="#1.qm#ud.w$AvWTlupRr">
                                    <field name="TEXT">agree</field>
                                  </block>
                                </value>
                              </block>
                            </value>
                            <statement name="DO0">
                              <block type="s4d_reply" id="|g3v087Upra!Miw[B(R8">
                                <value name="CONTENT">
                                  <block type="text_join" id="`b5;2ZYrQyu;o!qyYBCv">
                                    <mutation items="3"></mutation>
                                    <value name="ADD0">
                                      <block type="text" id="4rN}GkH;GS8B4;pME0W+">
                                        <field name="TEXT">You are verified</field>
                                      </block>
                                    </value>
                                    <value name="ADD1">
                                      <block type="s4d_message_author" id="iq,lay[AFNi^EH_j9msS"></block>
                                    </value>
                                    <value name="ADD2">
                                      <block type="text" id="X$xkU]vm.[mm*n]`{2tp">
                                        <field name="TEXT">! All the best</field>
                                      </block>
                                    </value>
                                  </block>
                                </value>
                                <next>
                                  <block type="s4d_add_role" id="NdfaN?E~vu$]Xm%,`=)q">
                                    <value name="ROLE">
                                      <block type="text" id="dQ3ZL)XkNuRhK;U7[P(X">
                                        <field name="TEXT">@rulesaccepted</field>
                                      </block>
                                    </value>
                                    <value name="MEMBER">
                                      <block type="s4d_message_author" id=":Ix^:2iJ!qkeaV/.!?c="></block>
                                    </value>
                                  </block>
                                </next>
                              </block>
                            </statement>
                          </block>
                        </next>
                      </block>
                    </statement>
                    <statement name="CATCH">
                      <block type="s4d_reply" id="B-M~RIL(jMkgxlAo$oxd">
                        <value name="CONTENT">
                          <block type="text_join" id="F`P}fXfF@.|`DmanfuW2">
                            <mutation items="3"></mutation>
                            <value name="ADD0">
                              <block type="text" id="p:U=%u[g_O|njBd%Cqoi">
                                <field name="TEXT">Session expired</field>
                              </block>
                            </value>
                            <value name="ADD1">
                              <block type="s4d_message_author" id="i%K#9c#}T0GCET:JT2CM"></block>
                            </value>
                            <value name="ADD2">
                              <block type="text" id="a:2i1tx.%a=oq5[g#h]s">
                                <field name="TEXT">! Try again</field>
                              </block>
                            </value>
                          </block>
                        </value>
                      </block>
                    </statement>
                  </block>
                </next>
              </block>
            </statement>
            <next>
              <block type="controls_if" id="1]mR^@)MS4^RT.]BbHJ]">
                <value name="IF0">
                  <block type="logic_compare" id="ib{P+2TKqRf#hhU29Dn5">
                    <field name="OP">EQ</field>
                    <value name="A">
                      <block type="s4d_message_content" id="d(E*oTTNwhuEzaK9Oc`9"></block>
                    </value>
                    <value name="B">
                      <block type="text" id="DmF[:Twh2c2$v=]{mBm@">
                        <field name="TEXT">Start bot</field>
                      </block>
                    </value>
                  </block>
                </value>
                <statement name="DO0">
                  <block type="s4d_reply" id="od4F2Db:`Wk]ZVD89iAu">
                    <value name="CONTENT">
                      <block type="text_join" id="qvmwR4B=0Wyj?N.z04WM">
                        <mutation items="10"></mutation>
                        <value name="ADD0">
                          <block type="text" id="/Tc79hKh7/hkpJK]kR6R">
                            <field name="TEXT">Hello </field>
                          </block>
                        </value>
                        <value name="ADD1">
                          <block type="text" id="rB,v!VTSC*/c7L(_5Zsv">
                            <field name="TEXT">, Rules are listed below</field>
                          </block>
                        </value>
                        <value name="ADD2">
                          <block type="s4d_newline" id="KPL1c,T+BU[_Sfk9J+}%"></block>
                        </value>
                        <value name="ADD3">
                          <block type="text" id="]Pq,:f|:4Y^|d@)cwPCA">
                            <field name="TEXT">1. DO NOT BULLY PEOPLE </field>
                          </block>
                        </value>
                        <value name="ADD4">
                          <block type="s4d_newline" id="%,6Y6GFU}iZ`X`73eNOI"></block>
                        </value>
                        <value name="ADD5">
                          <block type="text" id="[m@`Hf-?:4w^r{!Ua+sD">
                            <field name="TEXT">2. HACKING CAN EVEN BAN YOU </field>
                          </block>
                        </value>
                        <value name="ADD6">
                          <block type="s4d_newline" id="SY$NgN2m_JKQ~lB8kTIA"></block>
                        </value>
                        <value name="ADD7">
                          <block type="text" id="vY/3RD))Ii/u^IZ#U88S">
                            <field name="TEXT"> 3. YOU MUST AGREE TO DISCORD GUIDELINES </field>
                          </block>
                        </value>
                        <value name="ADD8">
                          <block type="s4d_newline" id=",sQ,%rMAcsU`u-nZaUnG"></block>
                        </value>
                        <value name="ADD9">
                          <block type="text" id="Mlr5W3B$j+vmn@4*!-G0">
                            <field name="TEXT">Write 'Rules' to start the session</field>
                          </block>
                        </value>
                      </block>
                    </value>
                  </block>
                </statement>
              </block>
            </next>
          </block>
        </next>
      </block>
    </statement>
  </block>
</xml>